Image,level
w_7812,222
w_4598,44
w_3828,203
w_8734,329
w_3251,445
w_8063,266
w_5624,391
w_825,143
w_3974,396
w_3049,344
w_6660,332
w_3909,21
w_2632,276
w_7754,301
w_1681,351
w_4130,339
w_1194,31
w_5390,105
w_8923,21
w_8790,208
w_4522,51
w_6695,6
w_1052,112
w_7212,159
w_735,407
w_3805,289
w_707,239
w_9271,279
w_7097,362
w_3779,360
w_5312,49
w_6038,315
w_5859,51
w_6731,30
w_4144,160
w_4817,285
w_2319,99
w_446,307
w_8673,135
w_5770,396
w_133,280
w_3003,249
w_5033,218
w_6015,40
w_6511,383
w_2935,365
w_4664,446
w_5938,213
w_8430,259
w_9105,104
w_6365,219
w_2577,2
w_8281,360
w_3392,34
w_9358,222
w_8357,32
w_2883,346
w_1087,107
w_9328,132
w_4469,305
w_3983,229
w_4441,217
w_7702,228
w_1325,183
w_7416,170
w_4213,232
w_869,366
w_9376,48
w_5075,372
w_1057,158
w_4261,382
w_4974,102
w_2469,439
w_3807,390
w_1264,222
w_6066,265
w_6052,372
w_5811,170
w_3444,333
w_8582,343
w_8962,325
w_6326,0
w_2989,198
w_5587,355
w_7405,143
w_527,244
w_2302,240
w_3403,344
w_7462,433
w_3777,346
w_4895,426
w_6563,423
w_6882,277
w_4706,316
w_2578,129
w_9406,75
w_4071,18
w_2212,377
w_8153,31
w_3648,257
w_5084,321
w_1654,442
w_6801,59
w_6612,299
w_5032,121
w_1115,413
w_7935,106
w_2185,23
w_6303,376
w_4961,165
w_4435,394
w_112,184
w_7622,69
w_6262,241
w_8756,54
w_4277,369
w_1683,413
w_1477,269
w_4236,80
w_2078,165
w_353,127
w_3326,87
w_4561,149
w_8024,272
w_7828,429
w_1766,327
w_1992,307
w_4436,101
w_7392,366
w_3237,49
w_354,149
w_2133,391
w_8556,393
w_7218,321
w_8157,168
w_8666,182
w_3159,117
w_6141,49
w_5262,169
w_1953,391
w_4488,254
w_3144,160
w_3875,312
w_2462,198
w_3239,415
w_142,156
w_3770,188
w_3415,357
w_5177,355
w_7852,210
w_3131,157
w_1617,7
w_9126,84
w_6867,212
w_8868,166
w_2322,381
w_3007,245
w_6357,232
w_4134,357
w_3935,176
w_9197,248
w_4927,200
w_3527,280
w_7093,322
w_6276,271
w_3776,31
w_8299,346
w_1856,80
w_6828,223
w_8918,213
w_4515,286
w_9464,252
w_2254,102
w_6707,441
w_6054,118
w_710,279
w_3627,418
w_1063,184
w_3969,283
w_3339,81
w_3420,365
w_6665,112
w_4240,323
w_6110,105
w_9084,226
w_6620,310
w_5557,132
w_9465,407
w_7070,89
w_317,136
w_348,244
w_3625,218
w_8547,269
w_4181,123
w_1438,218
w_6336,86
w_8377,22
w_4028,254
w_3074,139
w_256,223
w_8140,382
w_5805,370
w_6447,239
w_1975,200
w_8475,331
w_8754,270
w_5553,290
w_5021,341
w_1867,229
w_1273,431
w_6640,166
w_1381,106
w_4678,4
w_6402,286
w_7282,163
w_7376,115
w_1352,272
w_1741,271
w_2171,176
w_2907,70
w_7531,252
w_6504,51
w_1736,84
w_4504,219
w_8159,329
w_4692,241
w_7516,403
w_5165,163
w_2993,115
w_6759,42
w_8216,130
w_7567,266
w_4989,35
w_222,154
w_5775,387
w_8768,176
w_8942,236
w_5571,298
w_1308,361
w_3305,321
w_5892,17
w_2545,432
w_6181,43
w_3515,217
w_847,120
w_7327,251
w_3506,410
w_3462,222
w_1780,270
w_6363,161
w_4390,292
w_1827,145
w_272,104
w_4758,356
w_2001,266
w_4050,39
w_6797,267
w_984,434
w_4551,177
w_9015,19
w_8141,52
w_9396,60
w_5779,224
w_3492,51
w_9092,223
w_4889,420
w_6539,184
w_199,49
w_8290,2
w_3385,383
w_1619,381
w_1636,416
w_597,104
w_1296,265
w_2301,48
w_9233,7
w_3953,107
w_8934,43
w_7401,244
w_1277,81
w_888,369
w_969,212
w_4328,55
w_985,283
w_5514,147
w_8685,307
w_416,352
w_8164,222
w_7128,142
w_5129,386
w_1382,104
w_7452,307
w_1506,182
w_4256,373
w_5062,119
w_7115,224
w_2861,32
w_7795,98
w_1568,426
w_69,427
w_5207,71
w_7573,172
w_8428,320
w_6764,43
w_3494,414
w_9286,2
w_1604,45
w_571,178
w_8347,396
w_8588,299
w_3801,89
w_201,176
w_8706,5
w_7295,198
w_876,363
w_536,378
w_1323,425
w_560,352
w_1905,180
w_4374,248
w_5416,282
w_3249,250
w_1245,376
w_8719,394
w_3071,165
w_5222,171
w_5249,2
w_2664,418
w_1527,288
w_5485,65
w_3027,262
w_1218,90
w_5484,228
w_5274,212
w_9088,63
w_8083,237
w_3978,175
w_4759,133
w_3320,332
w_8421,400
w_2020,433
w_284,387
w_9047,378
w_7449,241
w_4251,139
w_6753,28
w_8143,424
w_5785,19
w_7790,386
w_5980,223
w_214,111
w_7109,261
w_4123,270
w_6656,92
w_2543,335
w_5844,107
w_3024,353
w_2251,396
w_5652,117
w_2440,149
w_4771,400
w_2287,313
w_1280,23
w_5476,250
w_3395,194
w_7237,422
w_163,156
w_4463,380
w_2788,396
w_4851,53
w_1348,383
w_9394,269
w_3476,159
w_1265,32
w_9217,295
w_4888,150
w_1328,240
w_6547,165
w_4904,206
w_3688,239
w_3313,201
w_7863,201
w_7258,111
w_8032,163
w_6685,287
w_568,242
w_1454,253
w_3542,312
w_8881,99
w_5399,203
w_9231,213
w_1868,315
w_3893,172
w_5259,420
w_1093,52
w_4757,432
w_577,222
w_6534,246
w_6095,349
w_6564,322
w_3711,64
w_5784,258
w_5846,234
w_2398,190
w_9049,388
w_5138,207
w_299,118
w_3127,141
w_2198,194
w_1608,170
w_5991,352
w_7598,320
w_6556,205
w_3977,261
w_6025,255
w_2742,435
w_798,67
w_8893,222
w_2063,309
w_2404,433
w_6818,393
w_8453,326
w_7950,129
w_4587,422
w_5293,52
w_7942,104
w_3979,305
w_5839,426
w_8646,429
w_4189,219
w_647,432
w_8559,289
w_4505,112
w_6394,391
w_3623,93
w_6094,38
w_1233,30
w_1595,321
w_3081,139
w_132,373
w_2255,418
w_3847,265
w_641,245
w_2717,357
w_6996,234
w_961,94
w_709,329
w_7041,304
w_4915,106
w_7605,335
w_9043,244
w_4727,423
w_7394,425
w_8630,332
w_7944,309
w_1117,178
w_2379,342
w_7271,362
w_5185,163
w_5434,331
w_3141,431
w_622,188
w_3484,144
w_6690,129
w_4025,80
w_1388,295
w_6434,62
w_4672,407
w_1603,360
w_8106,166
w_8061,50
w_1588,203
w_7263,425
w_4799,307
w_9209,114
w_4661,272
w_1423,118
w_7775,248
w_3368,442
w_9426,234
w_4237,402
w_6423,46
w_657,79
w_564,298
w_4612,316
w_991,81
w_8877,407
w_3406,374
w_9237,112
w_6206,200
w_3920,117
w_3530,170
w_3543,290
w_3925,67
w_6430,325
w_2190,112
w_8209,264
w_3235,292
w_770,331
w_470,176
w_661,240
w_6008,129
w_579,389
w_1753,305
w_3009,244
w_5585,323
w_314,15
w_2608,228
w_631,288
w_906,8
w_5808,142
w_3455,370
w_4481,315
w_746,306
w_7875,377
w_2128,295
w_7639,254
w_2444,180
w_6486,362
w_1713,370
w_1310,333
w_2597,99
w_8847,264
w_181,220
w_1281,301
w_7025,176
w_764,262
w_7292,200
w_9391,84
w_6725,81
w_3959,159
w_8485,432
w_6288,357
w_4498,101
w_8966,90
w_7810,176
w_1651,6
w_4990,223
w_4195,139
w_7219,114
w_8770,31
w_3425,304
w_5337,407
w_6736,385
w_3845,127
w_7071,206
w_690,386
w_7408,184
w_4058,372
w_5437,13
w_2494,426
w_4832,79
w_6626,52
w_6228,372
w_1646,181
w_4717,99
w_408,43
w_9412,295
w_485,19
w_4984,59
w_7843,401
w_7189,208
w_8240,344
w_8484,440
w_8664,265
w_962,343
w_2866,163
w_655,429
w_7482,180
w_1888,439
w_2606,377
w_2072,338
w_5453,12
w_1986,240
w_8762,351
w_7651,114
w_6493,295
w_6522,156
w_9082,146
w_2276,234
w_986,330
w_8297,326
w_3241,98
w_2130,165
w_6166,146
w_1453,133
w_2592,252
w_1994,175
w_6524,252
w_2680,40
w_2613,65
w_2609,294
w_7260,263
w_915,354
w_9027,124
w_719,278
w_7157,188
w_9205,270
w_99,338
w_2450,50
w_8160,226
w_4421,60
w_1541,68
w_5747,105
w_1393,98
w_3773,305
w_6161,169
w_1435,310
w_3080,11
w_6338,279
w_7465,145
w_4450,421
w_5377,150
w_1613,330
w_6947,393
w_9077,149
w_6859,34
w_7854,65
w_6622,364
w_7137,19
w_8177,439
w_4483,429
w_2997,344
w_4088,17
w_4404,180
w_9365,223
w_4650,36
w_3295,312
w_7418,243
w_5266,171
w_7129,179
w_2525,22
w_7316,29
w_7038,229
w_6638,115
w_2481,425
w_403,416
w_1459,34
w_7385,183
w_8956,446
w_4046,108
w_8132,323
w_5714,21
w_582,71
w_2595,405
w_3747,112
w_7014,31
w_1705,382
w_4722,346
w_9089,269
w_472,338
w_5195,432
w_315,119
w_5687,28
w_343,288
w_5428,65
w_2877,381
w_3351,373
w_3934,149
w_3545,140
w_4621,99
w_5727,194
w_2880,83
w_4959,193
w_5429,176
w_6346,49
w_5536,369
w_7677,266
w_455,112
w_5099,30
w_7335,261
w_6268,265
w_7652,393
w_2816,321
w_1983,378
w_2911,72
w_5427,412
w_8941,136
w_8769,81
w_5102,406
w_9313,286
w_9093,432
w_1026,371
w_2518,229
w_4371,175
w_9075,353
w_8019,60
w_5931,305
w_5051,366
w_5327,368
w_2199,388
w_8072,158
w_7589,272
w_3691,82
w_9072,24
w_482,264
w_1899,295
w_8970,390
w_1024,319
w_3512,364
w_782,165
w_8909,424
w_3509,21
w_6701,114
w_2645,236
w_5376,43
w_9346,64
w_6798,141
w_742,80
w_6991,410
w_7640,21
w_74,45
w_7501,360
w_7447,118
w_9137,305
w_7205,169
w_4350,169
w_8976,48
w_1068,409
w_3902,118
w_840,23
w_9147,338
w_8039,363
w_4552,139
w_8161,303
w_2747,132
w_1518,405
w_9095,45
w_7387,117
w_8816,114
w_7993,40
w_8005,24
w_4179,57
w_934,222
w_1373,436
w_5511,253
w_2405,390
w_6453,23
w_5720,217
w_6044,414
w_3844,255
w_7859,45
w_8494,285
w_8170,167
w_3810,369
w_8282,168
w_8748,35
w_952,360
w_6002,414
w_3357,206
w_8848,62
w_3808,258
w_1525,231
w_755,311
w_5247,156
w_5196,370
w_8863,83
w_7425,446
w_4127,312
w_3751,295
w_2753,0
w_2868,445
w_2206,189
w_1210,360
w_5987,65
w_4249,6
w_4012,106
w_4660,84
w_4545,317
w_2737,325
w_651,357
w_7927,351
w_484,190
w_4113,230
w_296,284
w_7059,123
w_5873,70
w_2145,123
w_6588,373
w_9125,357
w_1000,283
w_1411,134
w_6834,388
w_8585,307
w_8724,406
w_5651,212
w_9086,349
w_2786,331
w_4018,326
w_5909,252
w_3584,99
w_3831,49
w_7590,299
w_7015,273
w_3010,355
w_5463,276
w_323,366
w_3794,188
w_5857,321
w_8201,431
w_837,188
w_946,29
w_9100,111
w_4821,234
w_2238,175
w_2698,114
w_6625,23
w_3994,347
w_5109,149
w_7039,220
w_1206,343
w_584,361
w_7366,223
w_9372,59
w_8118,416
w_1764,107
w_7513,368
w_2111,147
w_3427,31
w_8840,330
w_3051,426
w_8617,215
w_5308,377
w_7746,237
w_7470,291
w_4394,117
w_5307,143
w_3134,278
w_9061,24
w_8546,224
w_2249,232
w_4524,161
w_5332,52
w_8593,158
w_9329,98
w_7502,369
w_8714,295
w_3809,292
w_6855,418
w_7062,330
w_6431,416
w_1377,413
w_1329,43
w_143,165
w_1807,401
w_7663,57
w_5576,119
w_6429,144
w_6839,62
w_3635,229
w_298,142
w_404,310
w_1553,173
w_3830,122
w_886,62
w_7654,22
w_8684,218
w_5981,263
w_8662,54
w_4217,409
w_1279,111
w_4768,290
w_8271,280
w_866,40
w_1881,256
w_5126,223
w_6699,109
w_8916,180
w_4553,23
w_4358,327
w_2918,271
w_7576,197
w_1455,109
w_4223,42
w_5734,210
w_4053,423
w_2048,139
w_5782,364
w_5094,52
w_2932,136
w_8276,31
w_6478,122
w_4688,215
w_7867,226
w_402,381
w_7464,384
w_1313,231
w_6442,294
w_5157,91
w_6852,439
w_516,198
w_3985,200
w_258,57
w_9298,359
w_175,118
w_6803,326
w_1359,240
w_2203,163
w_1337,46
w_7228,236
w_3763,313
w_6446,335
w_8613,376
w_2654,184
w_9410,341
w_992,326
w_9183,1
w_9036,8
w_4367,307
w_3164,133
w_3168,276
w_3358,62
w_8750,348
w_413,251
w_7202,393
w_243,153
w_8895,286
w_3793,444
w_9435,403
w_6763,75
w_9001,391
w_5318,410
w_4763,285
w_3106,393
w_1583,172
w_8175,406
w_4476,443
w_9263,6
w_927,60
w_1266,419
w_5360,336
w_5065,240
w_8184,21
w_1818,270
w_5725,185
w_8280,20
w_2537,344
w_5105,67
w_2783,60
w_4793,115
w_9401,381
w_6258,191
w_3364,416
w_8661,336
w_3710,120
w_4131,328
w_2646,321
w_3917,253
w_9035,341
w_4293,241
w_936,386
w_5178,444
w_3176,380
w_7574,257
w_97,20
w_1397,132
w_5384,240
w_3468,38
w_5137,263
w_609,321
w_8088,135
w_4381,139
w_2340,52
w_3459,275
w_6642,188
w_9099,55
w_8604,209
w_2705,424
w_3192,368
w_4140,145
w_9153,165
w_1035,277
w_4392,218
w_3327,19
w_4013,217
w_8542,144
w_7310,272
w_9181,344
w_16,151
w_2940,295
w_5554,140
w_3429,261
w_8838,30
w_1995,120
w_2563,134
w_7288,142
w_1932,403
w_2828,230
w_2131,390
w_6087,279
w_4403,49
w_2652,167
w_7544,315
w_2372,307
w_2070,411
w_2036,426
w_5800,223
w_269,195
w_7437,88
w_6199,346
w_4517,396
w_9466,218
w_6490,424
w_1157,241
w_5885,354
w_2492,320
w_993,20
w_2870,178
w_3100,44
w_5410,427
w_1949,53
w_1067,14
w_6210,413
w_3916,155
w_4955,290
w_2955,405
w_6506,163
w_822,113
w_1537,47
w_2493,180
w_8454,352
w_5241,180
w_5221,357
w_8702,166
w_2056,187
w_1466,283
w_3202,17
w_1589,34
w_6449,378
w_6340,389
w_7653,226
w_646,446
w_9133,385
w_4567,323
w_8636,160
w_1530,410
w_8785,7
w_7898,128
w_3957,81
w_5622,8
w_2897,172
w_5452,411
w_4581,87
w_4191,234
w_3184,288
w_8626,62
w_4514,194
w_2396,265
w_6526,143
w_4554,277
w_4858,136
w_3417,15
w_5668,32
w_8081,170
w_5002,317
w_7945,354
w_8248,372
w_5739,410
w_1997,292
w_4918,354
w_3073,107
w_7426,97
w_9164,312
w_1828,135
w_3507,129
w_6782,25
w_3629,362
w_4315,227
w_6198,239
w_9151,377
w_1177,316
w_8997,95
w_6034,331
w_9430,244
w_8031,40
w_8406,380
w_5528,258
w_740,432
w_4658,268
w_4426,291
w_6789,79
w_9259,109
w_4330,192
w_7683,279
w_8571,331
w_177,219
w_3868,313
w_8044,51
w_6835,189
w_4153,49
w_8627,425
w_3260,28
w_676,0
w_3053,313
w_266,117
w_8274,40
w_1204,167
w_616,229
w_4919,428
w_3899,299
w_4983,425
w_9359,52
w_8028,363
w_7873,371
w_1801,119
w_5290,176
w_1529,366
w_4215,232
w_1489,192
w_59,43
w_9456,358
w_9294,78
w_4003,156
w_7606,194
w_1793,88
w_1275,426
w_2150,264
w_4056,203
w_4183,361
w_5957,159
w_73,395
w_9143,352
w_1961,70
w_4899,165
w_91,143
w_5535,390
w_1684,311
w_465,28
w_435,149
w_7175,31
w_6032,81
w_9065,265
w_5246,109
w_3284,343
w_21,42
w_5091,286
w_4531,248
w_4576,80
w_4557,13
w_1756,317
w_1016,388
w_4354,378
w_4720,60
w_5100,372
w_3863,35
w_5520,208
w_3931,79
w_1112,298
w_5928,316
w_2120,390
w_355,79
w_1802,55
w_3355,426
w_3697,432
w_3516,387
w_7782,272
w_6929,0
w_4273,45
w_5856,239
w_8763,198
w_1563,426
w_3790,400
w_1870,241
w_7349,422
w_8643,59
w_1517,425
w_261,208
w_9214,163
w_1812,428
w_1795,237
w_2539,189
w_3474,344
w_1491,370
w_8319,117
w_1364,252
w_6600,3
w_9200,163
w_3093,410
w_2564,42
w_5801,56
w_8259,429
w_8721,381
w_6285,138
w_6247,24
w_9326,223
w_3848,170
w_7758,397
w_1456,199
w_5726,224
w_3692,221
w_6030,356
w_5722,419
w_2265,317
w_5270,0
w_7691,242
w_4280,106
w_4253,271
w_717,374
w_3005,140
w_5704,263
w_1039,118
w_6331,362
w_5915,394
w_2913,147
w_5503,219
w_6548,85
w_4503,212
w_9244,229
w_1073,55
w_8124,322
w_3886,288
w_7467,124
w_4860,245
w_8531,330
w_1984,23
w_1221,176
w_670,358
w_4176,411
w_4544,354
w_5804,245
w_4423,295
w_3854,244
w_3413,147
w_3209,410
w_8103,354
w_2323,42
w_7319,163
w_3126,378
w_9064,363
w_5493,417
w_3878,391
w_9024,400
w_3232,364
w_4129,349
w_2847,184
w_3680,193
w_5765,129
w_125,135
w_3655,403
w_2209,31
w_636,416
w_8409,146
w_2881,436
w_8536,159
w_4030,250
w_1924,150
w_259,135
w_3461,347
w_2089,439
w_9239,99
w_1005,182
w_3952,260
w_3172,210
w_2401,44
w_8425,440
w_6644,272
w_523,39
w_399,390
w_3212,283
w_1799,409
w_4611,129
w_7253,350
w_7439,151
w_3521,393
w_4292,162
w_8156,261
w_2412,28
w_2701,414
w_8429,357
w_491,84
w_5977,406
w_7742,172
w_9297,117
w_2236,6
w_8198,366
w_7933,57
w_7594,164
w_614,425
w_1256,156
w_443,6
w_6045,346
w_1145,411
w_2980,346
w_8339,346
w_2616,129
w_6501,332
w_1263,377
w_5698,234
w_1200,129
w_2744,164
w_8450,265
w_7154,444
w_1776,305
w_7553,131
w_693,283
w_2082,183
w_6643,19
w_5118,265
w_7168,128
w_6352,124
w_8952,36
w_1170,33
w_5296,270
w_6598,389
w_7358,106
w_3188,48
w_5781,410
w_9275,99
w_5729,351
w_6269,139
w_3063,319
w_684,231
w_5773,381
w_8963,91
w_4509,277
w_6489,191
w_7422,190
w_3207,184
w_3045,409
w_3060,32
w_1978,237
w_5044,94
w_6499,46
w_4506,302
w_3874,385
w_4211,244
w_1355,223
w_7749,407
w_5009,65
w_8327,347
w_9152,349
w_5248,259
w_3818,275
w_7270,330
w_1047,294
w_43,55
w_2874,23
w_841,106
w_8353,439
w_6293,295
w_6618,230
w_7232,399
w_7883,424
w_508,350
w_7086,6
w_8289,322
w_8344,372
w_7981,30
w_1564,176
w_1303,321
w_2226,21
w_2802,252
w_5786,396
w_5599,436
w_3510,133
w_674,370
w_7889,327
w_8722,23
w_9111,161
w_994,260
w_6793,156
w_2544,270
w_660,150
w_400,79
w_2829,146
w_1569,275
w_8332,136
w_9019,115
w_2594,68
w_1376,303
w_5950,17
w_4969,161
w_6156,414
w_6639,234
w_288,360
w_776,259
w_4914,141
w_8841,186
w_2217,313
w_9008,391
w_751,425
w_1249,381
w_8910,156
w_4370,263
w_9053,377
w_2417,139
w_799,318
w_4844,308
w_3579,373
w_2862,407
w_806,6
w_6219,140
w_2387,329
w_4165,112
w_5499,380
w_5715,362
w_2736,129
w_4332,341
w_629,436
w_3649,143
w_2200,192
w_1450,283
w_1095,409
w_7222,389
w_1674,284
w_2569,57
w_8874,126
w_3823,223
w_3224,24
w_6480,403
w_5888,379
w_7400,241
w_1044,223
w_5868,208
w_4528,405
w_3841,242
w_6521,244
w_757,157
w_9306,190
w_8489,317
w_5046,106
w_9402,416
w_6716,238
w_4530,446
w_9116,198
w_3624,443
w_9440,156
w_2770,225
w_6607,275
w_4958,306
w_5478,222
w_6603,139
w_3539,337
w_5115,156
w_2804,122
w_1562,399
w_818,34
w_6768,138
w_3296,416
w_6205,242
w_8386,78
w_3544,432
w_3075,192
w_6062,78
w_5616,50
w_5156,232
w_5526,360
w_5325,33
w_1180,141
w_4406,79
w_3482,103
w_2732,403
w_519,82
w_2661,217
w_4825,346
w_2954,0
w_5026,135
w_1120,198
w_4802,270
w_1051,184
w_5916,321
w_6497,78
w_8818,275
w_1375,212
w_2658,289
w_4666,136
w_8403,360
w_2468,203
w_8996,426
w_894,347
w_2077,176
w_6196,238
w_9145,294
w_4890,161
w_2247,416
w_4589,234
w_3724,232
w_2743,438
w_3097,31
w_9134,329
w_5723,157
w_5171,118
w_158,135
w_1139,149
w_6574,80
w_1187,182
w_1007,162
w_5626,330
w_3608,184
w_5866,166
w_8226,95
w_4521,196
w_7579,176
w_9115,20
w_2529,244
w_7961,313
w_4135,143
w_4316,307
w_3287,357
w_5669,254
w_7893,310
w_7051,236
w_2685,266
w_6131,375
w_3381,149
w_2234,446
w_8296,325
w_1895,219
w_6053,369
w_3078,406
w_5475,269
w_8846,117
w_754,144
w_4971,208
w_4835,112
w_6009,426
w_6270,13
w_6702,416
w_2197,426
w_3587,445
w_5093,442
w_4477,64
w_6006,222
w_9074,327
w_5457,385
w_9315,12
w_1834,413
w_535,13
w_6420,289
w_9021,188
w_8307,288
w_8245,28
w_5324,429
w_9295,426
w_8950,68
w_410,159
w_943,84
w_6697,185
w_9333,355
w_2982,330
w_9109,175
w_2221,236
w_8263,353
w_8676,117
w_1495,246
w_7621,12
w_2531,394
w_1587,407
w_2376,414
w_7849,211
w_687,182
w_1813,223
w_1526,104
w_6983,46
w_1083,194
w_188,103
w_7572,198
w_9268,60
w_4290,21
w_9447,234
w_8830,12
w_6802,370
w_935,176
w_4104,332
w_5802,176
w_4996,218
w_1081,307
w_2774,115
w_1479,273
w_583,60
w_3033,129
w_7903,344
w_5913,150
w_2109,374
w_7241,161
w_2887,147
w_6571,396
w_8667,275
w_3135,220
w_8783,326
w_1291,341
w_7711,372
w_2073,222
w_6266,361
w_3289,65
w_3901,150
w_8008,356
w_1225,407
w_1054,369
w_8310,72
w_7303,178
w_9059,142
w_7750,38
w_3750,235
w_653,364
w_1582,3
w_7807,181
w_545,62
w_2113,137
w_7187,242
w_6961,157
w_8040,183
w_6664,346
w_6617,274
w_6175,184
w_1033,371
w_3222,248
w_2278,361
w_6452,49
w_4732,297
w_908,438
w_1354,230
w_8396,332
w_6193,81
w_2138,91
w_3186,40
w_5853,52
w_6466,240
w_6143,278
w_8953,415
w_4066,190
w_1845,28
w_6217,366
w_7344,326
w_7557,261
w_7321,82
w_5547,52
w_3996,446
w_9177,192
w_6939,363
w_6538,38
w_5193,183
w_5369,365
w_297,139
w_7525,426
w_8066,373
w_7042,377
w_5744,149
w_7969,132
w_3299,36
w_182,244
w_4655,58
w_5711,165
w_1172,184
w_6384,166
w_7930,376
w_5683,138
w_9433,149
w_4560,7
w_7910,426
w_1631,320
w_8977,279
w_2642,354
w_6700,174
w_7354,240
w_907,47
w_7957,285
w_3483,443
w_5139,129
w_6873,31
w_8392,351
w_2533,246
w_9178,242
w_9308,125
w_8600,430
w_4836,15
w_7287,356
w_7534,261
w_9442,86
w_1151,65
w_8805,198
w_1107,332
w_3177,445
w_5501,316
w_1150,323
w_8788,426
w_7,69
w_6238,301
w_6770,107
w_6572,379
w_4960,80
w_7709,109
w_2900,270
w_5322,304
w_68,366
w_8797,213
w_9311,270
w_5911,105
w_4214,244
w_2891,38
w_1853,371
w_4432,72
w_8224,378
w_7505,40
w_3591,17
w_4121,176
w_7476,142
w_1106,31
w_4744,129
w_9287,81
w_495,331
w_819,322
w_6061,265
w_1521,184
w_7067,426
w_6911,215
w_3799,147
w_7242,327
w_3478,208
w_5905,183
w_5403,108
w_4518,241
w_4922,48
w_5708,170
w_4389,391
w_4000,239
w_1669,6
w_8262,283
w_8915,66
w_228,118
w_8532,85
w_5470,46
w_4458,408
w_6281,74
w_3815,252
w_5092,104
w_6088,62
w_9390,79
w_7466,377
w_8901,270
w_5217,232
w_1774,75
w_3062,231
w_836,345
w_2944,388
w_3105,344
w_1426,56
w_7708,266
w_1417,232
w_6958,176
w_7301,157
w_6523,271
w_2812,240
w_5498,386
w_9418,443
w_8905,17
w_8855,12
w_1012,151
w_5467,330
w_6483,406
w_6661,213
w_6191,330
w_70,243
w_8292,418
w_8663,325
w_8060,441
w_1558,34
w_3138,189
w_3581,140
w_6498,299
w_8208,285
w_4190,84
w_8610,21
w_4563,139
w_3334,319
w_2818,424
w_4525,267
w_2931,110
w_2601,156
w_2547,23
w_5131,52
w_6727,3
w_7672,69
w_8578,308
w_5881,337
w_734,58
w_6925,108
w_1132,35
w_8231,213
w_196,167
w_8809,20
w_1615,409
w_6404,135
w_910,176
w_4819,112
w_4782,321
w_1890,439
w_3379,239
w_6376,69
w_3343,326
w_5267,283
w_7820,296
w_5994,211
w_5879,388
w_9182,255
w_28,319
w_86,322
w_7650,56
w_8930,270
w_9148,108
w_4845,431
w_5494,78
w_3338,60
w_5013,266
w_6509,157
w_2148,307
w_3723,302
w_3531,325
w_6752,259
w_7518,288
w_3508,27
w_4196,48
w_1555,189
w_3660,251
w_3293,155
w_405,212
w_940,344
w_4324,364
w_2044,344
w_4968,320
w_1598,167
w_4125,96
w_9260,36
w_251,351
w_8317,281
w_4278,321
w_7009,114
w_7002,437
w_6967,176
w_3303,34
w_3618,349
w_3780,414
w_358,269
w_7497,354
w_5602,111
w_7638,419
w_701,301
w_4963,109
w_5545,15
w_3283,218
w_1105,390
w_6546,225
w_6624,383
w_2144,177
w_8774,117
w_6458,194
w_2050,248
w_572,79
w_5397,252
w_7833,426
w_1212,29
w_2579,347
w_5832,141
w_6147,176
w_1936,141
w_3029,298
w_7940,155
w_5601,133
w_1268,419
w_471,157
w_8845,380
w_8739,342
w_2471,114
w_563,113
w_648,179
w_8758,418
w_1934,372
w_2643,425
w_4810,444
w_2132,315
w_4154,357
w_9079,331
w_9050,427
w_6994,115
w_9216,326
w_3236,9
w_7707,114
w_2671,372
w_6215,19
w_8111,318
w_2596,351
w_7616,128
w_942,141
w_1584,405
w_3565,156
w_2121,112
w_5584,169
w_2225,418
w_6838,354
w_6570,139
w_190,33
w_7550,376
w_7633,45
w_5549,292
w_4868,360
w_4294,381
w_3973,328
w_8634,264
w_7085,438
w_5903,377
w_2021,341
w_3745,63
w_3997,82
w_762,392
w_9408,95
w_6374,25
w_867,252
w_8126,80
w_2000,82
w_5826,38
w_7721,266
w_4767,168
w_1954,23
w_7076,62
w_6881,378
w_4365,287
w_4562,374
w_5973,184
w_6060,170
w_5688,50
w_632,106
w_7904,320
w_3695,315
w_3597,110
w_752,240
w_9470,314
w_5363,197
w_8215,30
w_4493,301
w_5294,149
w_162,406
w_6937,312
w_8808,312
w_8079,214
w_1814,330
w_1606,281
w_8049,142
w_706,69
w_1361,62
w_3678,399
w_1691,197
w_2220,432
w_6004,295
w_8747,13
w_831,115
w_966,19
w_329,142
w_722,222
w_8718,147
w_6926,388
w_7609,3
w_9344,412
w_8577,86
w_6310,288
w_4954,86
w_1045,146
w_3604,184
w_4615,362
w_2222,9
w_5762,141
w_6209,344
w_8440,390
w_7506,36
w_8766,149
w_3871,295
w_216,357
w_3318,260
w_8436,377
w_1565,28
w_3101,329
w_2421,99
w_6959,241
w_6554,380
w_7474,277
w_2987,10
w_3219,160
w_6674,172
w_5257,2
w_7276,307
w_3676,385
w_5705,128
w_4234,264
w_7012,373
w_3001,351
w_4965,156
w_5486,239
w_1641,307
w_8150,342
w_4418,57
w_7551,391
w_8601,440
w_1448,70
w_8533,266
w_7100,65
w_63,390
w_7403,139
w_1175,402
w_4847,139
w_6299,248
w_2893,326
w_8548,354
w_3761,290
w_1737,388
w_3333,381
w_6373,194
w_3195,226
w_3185,48
w_765,109
w_4395,11
w_4105,246
w_2706,371
w_4529,168
w_3227,41
w_2409,143
w_4707,132
w_4167,175
w_4839,79
w_75,413
w_7941,176
w_386,413
w_3616,284
w_8862,230
w_7089,190
w_4229,32
w_4603,142
w_5348,414
w_2408,288
w_9203,42
w_498,385
w_3272,305
w_393,331
w_574,67
w_8022,109
w_6265,72
w_6971,163
w_1777,441
w_2965,265
w_2214,167
w_202,191
w_3853,407
w_246,130
w_152,151
w_1866,248
w_3376,183
w_2415,145
w_3032,432
w_1091,43
w_7248,136
w_4124,140
w_990,51
w_2795,263
w_4199,147
w_2123,19
w_998,26
w_698,438
w_2342,341
w_8553,206
w_4905,305
w_4120,178
w_8728,109
w_576,232
w_2970,83
w_5445,398
w_4879,31
w_6250,396
w_4255,22
w_9301,274
w_7088,327
w_896,308
w_3589,221
w_1707,168
w_9025,114
w_3036,300
w_2210,64
w_4501,317
w_4085,350
w_6189,416
w_1056,195
w_6197,114
w_6876,21
w_1270,182
w_2030,145
w_1629,55
w_1720,176
w_3713,371
w_5188,389
w_2022,242
w_2895,352
w_4424,42
w_7975,262
w_8891,326
w_1159,221
w_5127,409
w_7911,224
w_1504,22
w_6241,204
w_7879,412
w_1040,370
w_8142,122
w_988,159
w_7340,198
w_6527,149
w_481,106
w_1760,423
w_2441,393
w_6055,175
w_1399,167
w_6796,197
w_8999,132
w_5053,289
w_260,179
w_6901,339
w_8056,265
w_2943,331
w_6891,435
w_8010,85
w_1070,51
w_4748,354
w_5594,133
w_7339,378
w_1621,438
w_8928,51
w_2729,59
w_3434,370
w_2091,234
w_9250,295
w_5037,104
w_1673,286
w_6249,287
w_1331,199
w_293,163
w_8540,342
w_756,248
w_5678,43
w_6467,337
w_2335,284
w_5216,299
w_273,190
w_3796,80
w_6165,106
w_1825,377
w_165,391
w_8917,83
w_2627,365
w_3054,363
w_7177,183
w_7121,348
w_39,130
w_5828,157
w_6137,364
w_7529,347
w_3734,99
w_5686,317
w_7406,51
w_1816,431
w_3456,57
w_7646,401
w_2630,425
w_783,377
w_5086,150
w_7830,129
w_1229,68
w_5489,426
w_8823,217
w_2491,20
w_4926,140
w_4566,419
w_2959,170
w_6433,219
w_7032,325
w_8860,209
w_3389,416
w_9369,48
w_8328,114
w_1350,43
w_790,372
w_2904,189
w_2973,239
w_6543,238
w_7965,111
w_5605,118
w_5522,79
w_2855,409
w_9446,419
w_2360,316
w_4993,258
w_3869,361
w_4004,373
w_2850,131
w_9114,326
w_3103,159
w_1918,277
w_1767,129
w_606,371
w_8257,30
w_3346,237
w_1923,111
w_9130,142
w_2892,81
w_6180,179
w_2724,276
w_5660,442
w_3488,318
w_7377,334
w_9452,81
w_965,69
w_7953,313
w_2174,68
w_5435,419
w_3664,393
w_2324,195
w_6616,150
w_9155,32
w_8098,12
w_6192,305
w_5986,151
w_8466,59
w_8155,136
w_2799,386
w_8200,311
w_644,410
w_2188,90
w_1124,377
w_3913,422
w_8394,349
w_1003,219
w_3690,362
w_6275,274
w_6657,307
w_468,274
w_1,321
w_1653,245
w_6013,378
w_5479,224
w_5276,400
w_2958,166
w_2244,12
w_5081,339
w_376,357
w_6615,312
w_705,350
w_1798,169
w_6740,244
w_554,175
w_3198,304
w_1297,218
w_6414,378
w_5657,213
w_4542,363
w_556,236
w_507,206
w_5551,346
w_439,150
w_1913,347
w_3398,360
w_4906,145
w_4247,234
w_4074,301
w_3851,272
w_5299,302
w_3631,413
w_5592,373
w_1414,155
w_5964,218
w_4489,130
w_5967,184
w_3448,363
w_2769,227
w_4419,29
w_4284,292
w_7450,439
w_8434,179
w_4883,388
w_5488,198
w_6413,22
w_6056,153
w_4491,181
w_9349,296
w_5359,184
w_1079,435
w_4824,344
w_6476,411
w_7443,325
w_1246,46
w_1696,161
w_7773,115
w_6805,217
w_8554,343
w_9409,58
w_1993,277
w_6142,213
w_2026,20
w_8374,300
w_5054,110
w_2055,159
w_6495,240
w_4827,146
w_9167,326
w_4091,102
w_2984,385
w_4177,424
w_7914,380
w_5064,284
w_7548,383
w_2312,135
w_7612,383
w_6866,349
w_8020,161
w_6957,81
w_6544,161
w_2151,185
w_1290,241
w_8561,80
w_4308,175
w_830,61
w_599,394
w_120,23
w_8352,312
w_8287,123
w_6619,188
w_5430,368
w_3435,85
w_9330,344
w_6463,281
w_5456,212
w_8030,24
w_9107,192
w_3550,409
w_9356,281
w_4591,10
w_1727,283
w_2419,416
w_5340,278
w_6059,257
w_6551,391
w_479,246
w_137,51
w_461,335
w_4843,120
w_3683,435
w_2230,115
w_2683,81
w_1486,331
w_1591,309
w_9291,279
w_301,158
w_5985,203
w_7842,239
w_3372,227
w_5890,176
w_3396,352
w_8234,236
w_3269,155
w_7195,85
w_3495,275
w_2703,219
w_8151,381
w_6342,373
w_592,115
w_3719,435
w_2735,158
w_1811,310
w_4803,290
w_5789,411
w_2794,31
w_8397,104
w_4037,28
w_8767,60
w_1160,98
w_4045,247
w_2766,231
w_8452,323
w_3090,354
w_2067,377
w_4586,240
w_851,290
w_3742,445
w_1730,379
w_3041,230
w_3992,409
w_499,6
w_7078,17
w_1257,23
w_1368,12
w_6988,429
w_4298,307
w_8051,441
w_5350,426
w_2277,423
w_4309,387
w_4584,254
w_5575,176
w_1235,239
w_5618,261
w_7524,7
w_4479,181
w_3786,330
w_4005,334
w_7297,346
w_6912,223
w_7718,243
w_7162,105
w_4709,200
w_8236,423
w_2903,394
w_1516,321
w_5458,54
w_3988,241
w_3418,170
w_7390,405
w_4519,242
w_975,217
w_5875,128
w_6655,418
w_8615,91
w_4010,28
w_3258,176
w_3612,243
w_2370,218
w_6698,302
w_6943,179
w_944,176
w_3242,212
w_9417,63
w_1858,261
w_1861,137
w_5007,285
w_5370,286
w_1950,149
w_1400,118
w_3187,426
w_4429,425
w_9094,184
w_9196,312
w_4887,106
w_160,129
w_3884,391
w_7314,170
w_3826,170
w_1154,261
w_8373,275
w_738,222
w_3039,75
w_4578,258
w_5819,2
w_5096,286
w_5417,30
w_9249,302
w_9227,378
w_7770,150
w_1470,325
w_8314,424
w_1118,407
w_2758,425
w_7423,19
w_5383,157
w_5122,246
w_2043,105
w_1836,301
w_350,163
w_8477,421
w_7477,43
w_1542,264
w_2069,439
w_5107,241
w_2158,120
w_9472,1
w_3933,25
w_4943,29
w_5284,293
w_1719,437
w_8729,237
w_7836,315
w_44,139
w_7840,89
w_8967,187
w_5095,43
w_4475,283
w_8587,83
w_8359,136
w_7380,190
w_8013,205
w_578,115
w_6713,49
w_8814,322
w_1181,272
w_7635,84
w_1972,426
w_3365,431
w_6170,279
w_2124,118
w_1232,391
w_1255,24
w_3012,120
w_3479,386
w_2243,290
w_3938,407
w_6279,363
w_1698,89
w_4638,178
w_4385,117
w_9341,199
w_9221,351
w_539,178
w_6920,25
w_3942,407
w_6403,17
w_8181,299
w_1358,51
w_3294,371
w_3496,222
w_3473,435
w_4263,219
w_8973,51
w_932,70
w_8949,163
w_32,371
w_7796,258
w_6177,31
w_7868,304
w_1998,437
w_6252,50
w_7860,380
w_5504,262
w_107,151
w_328,283
w_4233,168
w_5550,217
w_4618,172
w_4697,103
w_2787,312
w_5104,326
w_486,110
w_8835,391
w_4052,278
w_6178,118
w_5103,217
w_3112,392
w_743,246
w_6786,300
w_6553,180
w_1937,147
w_9262,307
w_5891,58
w_7214,203
w_2842,434
w_6597,21
w_4937,129
w_6109,193
w_3681,131
w_3999,336
w_7752,374
w_3921,106
w_5917,120
w_1887,371
w_7207,38
w_1988,135
w_7166,209
w_2948,383
w_9439,320
w_8413,45
w_2460,347
w_6388,151
w_8842,189
w_8859,407
w_1859,252
w_9395,243
w_2157,285
w_4788,410
w_2656,129
w_2352,124
w_6562,299
w_4630,147
w_9058,416
w_5978,268
w_3568,213
w_3265,81
w_5962,89
w_3034,381
w_9136,264
w_5461,307
w_67,32
w_4876,104
w_6071,154
w_2281,150
w_6019,427
w_1671,133
w_241,149
w_7519,266
w_6459,358
w_6236,86
w_9319,178
w_2416,142
w_4100,111
w_3472,424
w_3400,281
w_2502,147
w_1242,371
w_2094,245
w_4708,438
w_4452,416
w_3490,23
w_9373,163
w_8648,213
w_5152,95
w_9044,389
w_1125,93
w_8481,422
w_7599,128
w_1483,156
w_673,234
w_1804,62
w_6248,159
w_4975,187
w_4987,432
w_1522,407
w_8851,346
w_1446,73
w_8511,162
w_3846,336
w_4362,86
w_5518,231
w_9255,301
w_7731,50
w_2565,311
w_4856,428
w_7659,329
w_3087,289
w_1163,19
w_38,381
w_8095,157
w_7023,315
w_239,340
w_9352,194
w_9267,357
w_49,401
w_7169,17
w_809,277
w_8654,91
w_4065,390
w_50,222
w_7784,72
w_371,110
w_1546,426
w_664,346
w_5495,440
w_2710,109
w_6682,293
w_2775,33
w_5876,82
w_3487,388
w_8948,383
w_6890,234
w_7029,385
w_1444,286
w_1330,432
w_4044,176
w_121,413
w_9292,424
w_3050,283
w_7699,381
w_6694,313
w_4620,215
w_6878,239
w_8355,390
w_7558,416
w_558,82
w_5920,246
w_1461,343
w_4270,391
w_411,414
w_6283,178
w_3086,414
w_6188,120
w_9383,89
w_7284,269
w_9416,218
w_1982,248
w_7148,135
w_3829,255
w_2240,429
w_2307,357
w_675,190
w_4171,49
w_8382,217
w_2241,344
w_1876,267
w_852,407
w_3968,276
w_3716,245
w_5244,261
w_5288,437
w_5730,193
w_4243,383
w_7300,303
w_208,437
w_7293,38
w_9238,300
w_5212,380
w_3082,289
w_3673,7
w_688,386
w_8732,278
w_7636,18
w_3246,419
w_2938,302
w_1885,86
w_3769,340
w_2288,304
w_4470,407
w_6080,251
w_200,352
w_6749,246
w_8775,399
w_2223,370
w_1080,116
w_1465,157
w_9228,34
w_7939,188
w_2520,141
w_7797,135
w_356,136
w_3940,389
w_7055,215
w_3736,0
w_4193,239
w_5630,382
w_6306,55
w_2825,216
w_3518,440
w_4750,265
w_925,245
w_8445,157
w_1236,414
w_2505,427
w_3378,86
w_7373,140
w_2155,399
w_8693,347
w_4609,142
w_902,372
w_7533,412
w_3404,222
w_5761,261
w_787,196
w_3666,114
w_5447,255
w_6715,403
w_1162,192
w_1452,349
w_2489,289
w_8892,298
w_808,283
w_8354,292
w_671,322
w_1549,62
w_7766,255
w_5066,161
w_3679,370
w_2947,18
w_5543,223
w_2154,353
w_6069,138
w_3511,393
w_4081,252
w_7499,13
w_596,232
w_3837,426
w_5625,324
w_47,437
w_5336,225
w_6347,38
w_1492,224
w_929,346
w_7527,244
w_5481,230
w_2803,354
w_871,321
w_4634,42
w_6072,382
w_9160,354
w_6033,223
w_5466,80
w_8321,394
w_3107,138
w_4027,136
w_4015,234
w_1097,80
w_7905,284
w_4751,338
w_1017,338
w_4809,341
w_2097,157
w_3301,107
w_6320,357
w_5548,315
w_4478,163
w_3932,319
w_718,86
w_2205,190
w_7460,251
w_2811,263
w_4361,80
w_630,23
w_7990,169
w_7238,381
w_3757,48
w_8080,370
w_9385,312
w_638,81
w_2562,159
w_769,285
w_8194,127
w_8130,400
w_3990,135
w_9388,322
w_3371,38
w_2344,393
w_7724,23
w_4690,95
w_5146,89
w_8623,275
w_368,137
w_463,106
w_9462,220
w_6395,425
w_3384,149
w_2390,301
w_1370,118
w_4468,418
w_2875,382
w_4366,234
w_8660,268
w_5077,115
w_4342,414
w_1075,301
w_7580,286
w_6043,25
w_7363,254
w_2283,357
w_5268,86
w_8424,85
w_1304,152
w_8904,171
w_5174,160
w_9142,422
w_951,242
w_9251,17
w_3797,208
w_920,425
w_9069,188
w_1342,96
w_8383,176
w_5003,194
w_2202,239
w_2024,111
w_6224,414
w_7424,19
w_2527,391
w_2757,175
w_5320,347
w_1842,389
w_1185,149
w_2666,47
w_8981,230
w_5130,425
w_340,174
w_4265,290
w_7980,307
w_396,265
w_9037,40
w_7151,198
w_5454,26
w_3919,337
w_285,122
w_801,320
w_4427,419
w_2567,166
w_5997,414
w_8836,266
w_7695,239
w_5692,289
w_4728,219
w_5834,314
w_1203,11
w_8239,82
w_4060,319
w_7221,9
w_8230,347
w_6348,362
w_5836,346
w_9000,348
w_1300,445
w_7167,232
w_7226,51
w_3016,176
w_8712,383
w_5432,402
w_415,171
w_8069,4
w_4447,222
w_1533,115
w_6339,222
w_4849,445
w_843,281
w_4610,140
w_321,401
w_5273,169
w_2637,425
w_7198,218
w_5895,360
w_4948,248
w_2528,206
w_8753,91
w_7661,132
w_2060,234
w_5411,161
w_1728,232
w_7224,439
w_4830,86
w_1379,20
w_5361,224
w_4269,148
w_3714,313
w_8348,334
w_610,125
w_7943,175
w_7973,52
w_8501,166
w_6302,390
w_4407,326
w_1318,89
w_7364,141
w_6329,163
w_6158,424
w_9014,236
w_857,106
w_5757,374
w_1810,328
w_9290,159
w_3094,355
w_5133,23
w_1511,330
w_2480,150
w_3856,142
w_1014,261
w_1509,67
w_3118,39
w_7827,241
w_2849,157
w_7577,82
w_3451,396
w_8780,10
w_1302,313
w_7804,375
w_2890,51
w_2208,59
w_3445,145
w_7471,84
w_8873,190
w_2403,273
w_8991,413
w_2137,326
w_9038,363
w_8097,244
w_8778,34
w_2756,258
w_6595,304
w_2264,265
w_1666,129
w_8947,369
w_8525,237
w_5555,0
w_8735,173
w_6204,181
w_9132,441
w_4363,366
w_7201,275
w_8856,426
w_5425,387
w_1597,253
w_2297,38
w_2792,136
w_9146,346
w_2007,48
w_7697,84
w_7065,403
w_5124,107
w_6343,437
w_5190,290
w_6187,80
w_5589,289
w_3432,104
w_9121,277
w_4209,108
w_9339,416
w_3006,49
w_6127,117
w_6687,188
w_4907,29
w_2573,377
w_8207,104
w_8639,117
w_3441,380
w_6963,198
w_8315,394
w_3411,278
w_6924,426
w_6606,112
w_3536,283
w_6020,106
w_2813,363
w_785,242
w_5303,178
w_2271,190
w_4495,288
w_5233,139
w_6907,48
w_957,161
w_4527,53
w_5110,236
w_4837,365
w_8018,168
w_4059,106
w_9405,238
w_9026,315
w_7382,292
w_1029,364
w_1567,328
w_4043,114
w_434,35
w_6436,183
w_7613,337
w_8894,438
w_3115,405
w_8125,81
w_7273,15
w_6850,259
w_5944,206
w_5471,367
w_856,23
w_8535,175
w_7923,31
w_1612,386
w_172,238
w_5144,414
w_9006,318
w_3314,355
w_8720,202
w_1243,117
w_6669,385
w_483,65
w_454,264
w_7618,231
w_8888,156
w_1004,315
w_6780,315
w_6868,346
w_8059,255
w_1787,307
w_2296,371
w_146,252
w_4573,150
w_2245,115
w_5703,241
w_5814,244
w_7634,331
w_7846,373
w_3089,307
w_8078,330
w_2229,76
w_7764,303
w_7001,150
w_2263,87
w_3674,301
w_2731,262
w_8152,3
w_2983,323
w_1467,207
w_1490,25
w_3601,24
w_4038,234
w_5182,87
w_4188,110
w_2424,272
w_2496,101
w_9149,36
w_3098,372
w_1622,42
w_2167,119
w_5954,68
w_6923,143
w_8826,132
w_1742,40
w_8914,7
w_5918,370
w_5929,89
w_4702,391
w_7103,368
w_8171,271
w_8036,299
w_6367,3
w_1573,279
w_5640,100
w_5970,374
w_5830,136
w_7018,391
w_1133,151
w_7745,403
w_7333,323
w_9175,80
w_518,170
w_6733,393
w_456,331
w_150,399
w_418,238
w_1038,189
w_3537,169
w_5794,170
w_6732,183
w_3945,114
w_2583,244
w_725,316
w_3885,377
w_3586,160
w_3422,410
w_4162,198
w_1006,213
w_489,142
w_1136,366
w_3215,105
w_3052,55
w_2721,142
w_3156,413
w_6337,99
w_9017,352
w_9083,49
w_2487,189
w_3842,227
w_6355,425
w_7045,425
w_4208,163
w_8659,192
w_1824,126
w_1751,142
w_1427,62
w_6182,229
w_6964,407
w_6533,400
w_6271,141
w_3123,51
w_6689,105
w_712,407
w_9361,33
w_4721,49
w_6779,137
w_4508,75
w_5560,209
w_8100,199
w_5806,299
w_870,36
w_8982,63
w_7446,391
w_8343,19
w_615,183
w_4222,299
w_5487,372
w_40,437
w_8890,60
w_8908,252
w_3428,263
w_8799,156
w_4078,169
w_9258,165
w_669,27
w_6039,197
w_5255,363
w_1184,294
w_5253,197
w_541,230
w_5614,30
w_5413,35
w_5302,360
w_8988,254
w_6368,99
w_2894,381
w_1901,248
w_601,176
w_691,163
w_440,183
w_3686,104
w_5919,274
w_2096,444
w_4156,54
w_5541,198
w_4701,62
w_205,344
w_681,240
w_4106,42
w_9314,159
w_2760,424
w_5653,343
w_9144,72
w_3667,352
w_4623,158
w_4225,169
w_7890,298
w_7946,51
w_5582,357
w_4399,436
w_1933,150
w_6561,120
w_2718,391
w_333,49
w_1915,290
w_3607,236
w_5829,435
w_7117,372
w_8210,209
w_2534,41
w_1193,313
w_753,56
w_3699,29
w_1227,300
w_4147,36
w_4973,32
w_7918,360
w_4070,414
w_2557,374
w_3908,316
w_2572,8
w_3967,67
w_5283,299
w_1904,281
w_5940,198
w_15,220
w_7614,182
w_1251,229
w_6315,93
w_6129,172
w_4337,147
w_7631,51
w_445,19
w_7779,435
w_5941,59
w_2256,242
w_4791,194
w_8990,163
w_2139,364
w_4051,58
w_7268,223
w_4471,28
w_1084,69
w_1620,380
w_617,408
w_7727,110
w_8867,44
w_4902,170
w_1556,346
w_7498,380
w_6500,347
w_9463,223
w_612,293
w_9393,446
w_6040,32
w_5169,438
w_8457,260
w_5930,266
w_7455,279
w_7832,3
w_3405,122
w_7808,267
w_441,22
w_8589,183
w_9113,114
w_3348,77
w_861,390
w_6676,31
w_5313,190
w_2863,87
w_2660,349
w_7891,363
w_6710,129
w_7266,79
w_2002,361
w_437,442
w_3709,343
w_1390,387
w_1667,443
w_4884,346
w_6,187
w_2046,158
w_4346,43
w_3421,361
w_7542,407
w_7664,315
w_7799,157
w_9241,315
w_9206,0
w_2358,315
w_6154,435
w_6976,140
w_7713,115
w_4449,326
w_213,142
w_3877,355
w_5448,368
w_6962,351
w_7798,154
w_4451,62
w_7556,435
w_1261,135
w_7972,167
w_1848,102
w_1085,45
w_5419,168
w_5008,393
w_613,190
w_4780,176
w_7970,66
w_8987,354
w_1789,227
w_4695,172
w_8432,190
w_2823,45
w_8772,286
w_5877,163
w_8275,21
w_5391,182
w_3359,9
w_9375,190
w_1403,117
w_2437,223
w_8220,295
w_9360,225
w_8358,81
w_815,129
w_8596,237
w_5559,46
w_7815,106
w_1191,337
w_9309,278
w_6822,189
w_2575,198
w_6719,216
w_5512,50
w_6761,202
w_215,7
w_8193,262
w_2571,393
w_903,32
w_1041,55
w_367,51
w_3887,222
w_6159,428
w_397,248
w_6703,326
w_5404,77
w_6928,56
w_8567,312
w_8883,286
w_5539,163
w_2749,71
w_6334,213
w_3238,295
w_5202,416
w_1384,352
w_3768,416
w_6385,9
w_8472,437
w_5275,368
w_173,147
w_9274,312
w_4932,341
w_5418,135
w_1252,231
w_1628,109
w_7561,436
w_6806,370
w_4761,28
w_6833,79
w_6794,443
w_1708,147
w_6735,346
w_3076,426
w_6863,82
w_22,380
w_6194,330
w_5297,303
w_2929,312
w_4951,172
w_3783,170
w_6272,111
w_6795,80
w_7150,72
w_1137,192
w_8884,132
w_5469,163
w_3514,212
w_5121,182
w_8029,83
w_7444,445
w_8887,268
w_7855,414
w_5111,99
w_5882,430
w_5527,251
w_1822,275
w_4087,369
w_767,269
w_9343,416
w_4811,435
w_7245,346
w_4875,166
w_8717,410
w_954,117
w_4962,121
w_5506,239
w_1031,262
w_8042,378
w_4642,135
w_209,275
w_5330,95
w_4485,288
w_9265,210
w_6666,334
w_8293,198
w_4804,219
w_4526,286
w_1987,158
w_7520,266
w_6916,208
w_2431,393
w_7379,413
w_4230,32
w_1547,6
w_6502,143
w_6007,289
w_5666,111
w_6748,390
w_8801,80
w_5162,279
w_4988,176
w_5753,33
w_1121,83
w_1198,99
w_5224,149
w_230,372
w_1475,31
w_8277,166
w_7595,140
w_7647,329
w_3637,208
w_2690,169
w_2915,170
w_282,150
w_4941,251
w_6529,120
w_8692,191
w_1196,416
w_3672,70
w_2995,441
w_8609,171
w_9004,180
w_7864,0
w_4009,240
w_689,172
w_4992,299
w_7786,73
w_9190,209
w_4289,176
w_6078,154
w_1369,20
w_3670,421
w_3046,226
w_5358,332
w_974,354
w_1724,241
w_8451,346
w_5707,135
w_7440,15
w_4246,88
w_5904,53
w_9018,132
w_4585,315
w_2290,56
w_9296,159
w_3687,318
w_7996,68
w_1211,327
w_6120,277
w_3431,202
w_7700,343
w_1166,255
w_1240,76
w_2602,326
w_316,107
w_3646,104
w_1575,143
w_7251,32
w_1761,278
w_8897,360
w_5953,128
w_4401,31
w_8713,115
w_8380,433
w_6680,279
w_6742,31
w_7563,176
w_9279,46
w_2587,90
w_442,252
w_5160,253
w_5631,270
w_6545,203
w_7725,140
w_1143,183
w_5677,300
w_8505,34
w_369,372
w_6948,163
w_8878,349
w_7473,129
w_7987,50
w_2300,82
w_8003,438
w_6090,411
w_7901,193
w_5838,349
w_6152,38
w_7101,194
w_4891,270
w_9415,22
w_6176,252
w_4976,9
w_4268,17
w_4696,336
w_3025,429
w_3620,222
w_8235,116
w_5771,331
w_1783,40
w_7325,17
w_6980,189
w_1271,17
w_5883,261
w_5689,163
w_2976,184
w_8376,156
w_2455,400
w_7415,361
w_3255,87
w_7193,270
w_8270,325
w_3730,217
w_8592,42
w_8099,267
w_6450,434
w_448,190
w_1011,85
w_398,321
w_5737,266
w_1037,274
w_8961,74
w_3617,424
w_4590,106
w_4281,362
w_3452,286
w_7204,261
w_7912,61
w_4160,435
w_4460,117
w_8385,240
w_4863,172
w_375,325
w_3137,129
w_2369,24
w_7962,366
w_2474,236
w_2032,354
w_9224,340
w_823,420
w_8500,350
w_83,176
w_7022,21
w_5366,284
w_4795,236
w_7845,182
w_1231,280
w_8074,223
w_2454,105
w_2629,176
w_1579,39
w_6862,241
w_5706,229
w_2194,213
w_530,222
w_88,90
w_4714,335
w_116,387
w_4733,248
w_7494,325
w_8303,351
w_941,223
w_7715,360
w_3155,80
w_6647,296
w_4126,435
w_124,381
w_8590,65
w_8787,350
w_1928,171
w_2231,284
w_531,135
w_7417,313
w_1908,382
w_7844,51
w_6232,442
w_1930,189
w_2755,404
w_6405,326
w_7671,234
w_9327,146
w_8621,183
w_3778,199
w_1586,86
w_3454,435
w_5168,193
w_2134,231
w_9215,253
w_2356,240
w_2617,170
w_6602,203
w_8628,299
w_853,373
w_686,36
w_5942,426
w_5005,357
w_4402,332
w_4242,183
w_18,290
w_5780,366
w_3840,383
w_8086,366
w_4945,403
w_5922,19
w_658,106
w_1357,426
w_872,129
w_5024,254
w_643,426
w_2472,308
w_3245,326
w_677,238
w_3340,175
w_8180,62
w_6063,348
w_6023,175
w_7628,50
w_5119,373
w_2242,305
w_4924,118
w_5170,51
w_8779,22
w_5984,272
w_7123,446
w_5497,87
w_5803,237
w_3708,265
w_805,132
w_3439,208
w_797,443
w_7252,127
w_771,259
w_3668,6
w_9073,292
w_71,23
w_5252,37
w_4687,232
w_5055,59
w_3739,192
w_5790,357
w_6751,364
w_5718,176
w_4318,241
w_7084,111
w_1835,86
w_5201,283
w_3825,141
w_6864,390
w_7623,180
w_492,176
w_5214,84
w_2772,177
w_8703,400
w_4326,109
w_5519,35
w_2865,121
w_4138,252
w_3092,80
w_9054,357
w_6278,352
w_4916,236
w_3889,295
w_2011,413
w_6880,286
w_2293,33
w_2817,299
w_9434,442
w_2649,266
w_5680,107
w_7127,330
w_1122,326
w_8653,246
w_2187,301
w_5728,22
w_3684,173
w_1676,146
w_6125,141
w_551,55
w_2840,194
w_407,366
w_5590,309
w_4132,121
w_6799,80
w_8264,322
w_7964,333
w_2963,344
w_763,402
w_2320,165
w_467,119
w_700,168
w_6631,317
w_3653,50
w_716,272
w_3438,160
w_2553,142
w_919,410
w_854,371
w_7090,416
w_6914,315
w_5637,145
w_1294,409
w_1278,308
w_6594,112
w_2631,31
w_7124,147
w_2702,424
w_6550,165
w_8647,234
w_2560,12
w_3918,322
w_2939,176
w_5059,202
w_4019,2
w_5655,234
w_5083,245
w_8138,71
w_5731,393
w_4705,259
w_3374,128
w_4079,419
w_5862,231
w_5113,47
w_424,252
w_2686,409
w_3271,432
w_151,214
w_5154,60
w_9066,46
w_7537,349
w_3843,405
w_2439,296
w_6608,232
w_7412,31
w_3961,171
w_8929,202
w_7318,23
w_8597,161
w_1883,330
w_2689,337
w_570,364
w_7503,354
w_4467,248
w_4185,329
w_2058,208
w_6614,385
w_3766,270
w_971,346
w_3013,109
w_4083,323
w_4141,307
w_6569,113
w_6896,317
w_4286,290
w_8677,336
w_6906,6
w_1064,238
w_947,20
w_2638,149
w_4604,372
w_7504,85
w_6035,172
w_5025,188
w_8190,183
w_7099,52
w_1253,240
w_6777,32
w_3382,359
w_5304,50
w_1755,262
w_4644,265
w_8812,192
w_5199,102
w_8048,410
w_3563,357
w_8196,134
w_4571,111
w_3523,259
w_1815,326
w_5995,49
w_5793,420
w_2839,209
w_3585,310
w_1299,333
w_5682,362
w_5642,197
w_6048,239
w_3277,135
w_311,421
w_9193,94
w_7389,416
w_60,381
w_7706,133
w_2574,344
w_562,240
w_1458,131
w_2374,324
w_2488,136
w_6520,357
w_3038,425
w_3576,16
w_3833,379
w_4023,59
w_4439,150
w_4747,241
w_1104,176
w_9013,242
w_2639,86
w_391,212
w_7723,355
w_3535,2
w_1951,424
w_2699,361
w_6576,312
w_1566,166
w_327,414
w_6214,292
w_5989,343
w_703,95
w_7510,299
w_2524,389
w_2538,389
w_2542,212
w_5927,172
w_4119,48
w_741,24
w_8087,265
w_2838,289
w_6412,374
w_3721,261
w_4413,55
w_3502,176
w_8954,325
w_2768,104
w_7825,409
w_5310,260
w_1912,281
w_3733,0
w_4700,246
w_3030,391
w_5200,444
w_8629,158
w_8968,155
w_2921,160
w_6162,165
w_5960,321
w_7937,233
w_1781,2
w_7438,374
w_1314,38
w_7511,379
w_5654,323
w_2407,338
w_2546,157
w_9377,374
w_6673,307
w_8172,85
w_5635,356
w_3375,335
w_464,200
w_5600,203
w_1409,400
w_7145,260
w_3950,341
w_6817,263
w_3910,427
w_5509,427
w_654,49
w_427,138
w_1053,34
w_3956,47
w_2808,107
w_496,432
w_3108,85
w_6212,88
w_7960,137
w_122,180
w_6555,259
w_7841,57
w_7362,315
w_1803,209
w_1752,163
w_8247,199
w_5697,149
w_500,158
w_3852,299
w_6573,315
w_881,8
w_1515,24
w_4187,131
w_1250,351
w_394,389
w_458,144
w_9005,189
w_8837,323
w_130,373
w_1062,161
w_3286,24
w_5375,327
w_1668,280
w_4864,374
w_7326,327
w_7765,298
w_874,381
w_4986,15
w_8631,213
w_1090,104
w_1871,59
w_2083,156
w_7877,348
w_7492,129
w_8869,302
w_916,283
w_476,296
w_4444,389
w_3139,253
w_9382,21
w_3306,211
w_8496,368
w_6406,176
w_8105,387
w_8102,272
w_3503,33
w_6257,323
w_7133,31
w_5992,145
w_4238,311
w_3538,50
w_6058,47
w_9424,356
w_1050,365
w_659,286
w_2510,53
w_8233,164
w_341,231
w_6246,407
w_1449,157
w_2355,292
w_280,8
w_4715,241
w_2490,108
w_7956,218
w_2406,315
w_8519,300
w_5163,177
w_6297,266
w_3749,152
w_5937,292
w_7596,234
w_4474,127
w_6113,128
w_2079,305
w_473,288
w_3671,407
w_7552,1
w_2762,182
w_8016,81
w_6260,175
w_8695,200
w_1897,222
w_4822,323
w_2347,172
w_4800,12
w_6139,241
w_5700,120
w_438,292
w_2389,176
w_3402,7
w_4852,191
w_5285,299
w_6174,189
w_980,236
w_8512,252
w_1129,382
w_2191,255
w_8700,65
w_5505,49
w_2433,400
w_5949,245
w_2304,129
w_7582,293
w_58,138
w_963,156
w_8351,241
w_8268,172
w_5352,178
w_6888,160
w_249,416
w_2099,85
w_1941,414
w_1405,40
w_3630,387
w_5813,285
w_2286,230
w_6300,143
w_8479,155
w_2603,255
w_232,341
w_8843,49
w_7459,254
w_7543,87
w_4859,400
w_6997,275
w_2519,323
w_6451,128
w_4250,260
w_81,126
w_2115,72
w_8524,6
w_4248,320
w_4425,295
w_8738,110
w_3513,81
w_1863,260
w_5218,24
w_4985,265
w_5298,344
w_3555,34
w_2295,32
w_6208,215
w_6291,82
w_1959,196
w_2781,38
w_887,241
w_4109,175
w_2160,327
w_8864,85
w_3548,17
w_7404,389
w_884,347
w_7982,378
w_7627,50
w_4565,218
w_6151,82
w_7983,114
w_9381,49
w_7257,425
w_3936,111
w_9081,71
w_8528,149
w_6512,118
w_2882,373
w_4096,161
w_295,206
w_2763,239
w_883,157
w_1711,357
w_3140,393
w_4592,416
w_7963,270
w_6516,5
w_305,178
w_8255,241
w_7255,62
w_3554,232
w_9173,191
w_9011,360
w_1338,406
w_2905,377
w_7886,43
w_8510,218
w_4271,140
w_5286,239
w_3675,427
w_6031,131
w_5047,289
w_624,183
w_8267,405
w_7674,391
w_6118,366
w_1716,428
w_1340,307
w_5595,40
w_9414,371
w_7984,212
w_4995,21
w_3939,301
w_1962,315
w_2668,389
w_3700,180
w_3802,84
w_7181,60
w_4327,419
w_590,141
w_9252,135
w_235,127
w_4939,38
w_8668,372
w_212,88
w_5641,266
w_5516,252
w_5082,136
w_6169,289
w_8563,407
w_4994,71
w_8381,161
w_1487,34
w_7108,362
w_9278,132
w_3748,80
w_9471,407
w_9194,31
w_3707,183
w_7285,110
w_6542,209
w_6704,441
w_3070,126
w_9104,183
w_2773,52
w_8092,295
w_6108,246
w_8269,259
w_9184,361
w_5662,163
w_8185,169
w_3,149
w_8,242
w_46,6
w_48,133
w_94,301
w_100,298
w_206,179
w_262,43
w_270,159
w_278,199
w_281,275
w_287,440
w_336,203
w_359,43
w_384,381
w_417,440
w_420,104
w_431,153
w_509,143
w_540,292
w_559,400
w_581,426
w_585,109
w_611,112
w_623,112
w_663,109
w_668,323
w_683,379
w_699,301
w_733,158
w_814,153
w_821,0
w_835,242
w_918,426
w_956,127
w_996,55
w_997,288
w_1043,112
w_1046,73
w_1069,347
w_1149,129
w_1156,13
w_1164,123
w_1195,278
w_1234,368
w_1237,292
w_1258,272
w_1295,139
w_1298,153
w_1316,47
w_1372,168
w_1392,348
w_1451,110
w_1476,319
w_1497,129
w_1513,78
w_1520,379
w_1531,117
w_1578,272
w_1596,319
w_1652,234
w_1659,341
w_1660,127
w_1661,179
w_1747,35
w_1750,96
w_1754,440
w_1765,43
w_1773,234
w_1832,416
w_1857,6
w_1880,301
w_1889,153
w_1920,133
w_1925,109
w_1938,285
w_1945,393
w_1957,107
w_1964,379
w_1967,278
w_1970,272
w_1981,96
w_1989,109
w_1991,426
w_2039,320
w_2059,13
w_2065,309
w_2071,109
w_2080,330
w_2090,426
w_2162,292
w_2177,323
w_2211,292
w_2325,319
w_2385,47
w_2414,199
w_2443,188
w_2495,163
w_2499,382
w_2535,295
w_2588,179
w_2621,381
w_2715,440
w_2797,292
w_2809,445
w_2835,275
w_2844,426
w_2853,199
w_2859,285
w_2909,321
w_2952,419
w_2960,405
w_2992,104
w_3079,236
w_3085,426
w_3116,107
w_3149,17
w_3178,109
w_3183,379
w_3193,393
w_3204,416
w_3208,419
w_3216,370
w_3243,426
w_3263,445
w_3279,253
w_3288,11
w_3309,292
w_3319,150
w_3322,272
w_3360,59
w_3401,6
w_3524,348
w_3533,387
w_3546,381
w_3583,272
w_3592,36
w_3600,32
w_3603,20
w_3619,323
w_3640,2
w_3656,158
w_3718,416
w_3725,439
w_3741,63
w_3744,320
w_3752,341
w_3781,2
w_3822,11
w_3835,285
w_3850,440
w_3880,440
w_3894,272
w_3896,243
w_3904,341
w_3941,364
w_3964,426
w_3991,242
w_4026,118
w_4032,79
w_4057,381
w_4089,33
w_4095,242
w_4150,43
w_4159,309
w_4175,419
w_4219,107
w_4254,163
w_4267,112
w_4272,78
w_4301,426
w_4335,153
w_4383,96
w_4443,120
w_4507,292
w_4548,117
w_4572,9
w_4574,292
w_4575,426
w_4613,107
w_4677,439
w_4680,47
w_4682,445
w_4712,33
w_4730,127
w_4743,400
w_4754,278
w_4776,364
w_4779,426
w_4790,109
w_4797,440
w_4815,331
w_4816,73
w_4820,117
w_4846,236
w_4866,426
w_4872,321
w_4892,292
w_4930,129
w_4947,446
w_4997,426
w_4998,353
w_5040,440
w_5117,285
w_5128,123
w_5136,47
w_5189,376
w_5250,107
w_5263,387
w_5264,55
w_5271,129
w_5309,153
w_5339,285
w_5392,320
w_5442,348
w_5480,163
w_5491,445
w_5524,341
w_5558,285
w_5607,341
w_5620,9
w_5639,73
w_5649,179
w_5659,129
w_5664,153
w_5676,43
w_5679,242
w_5748,370
w_5750,336
w_5792,241
w_5816,320
w_5822,440
w_5831,405
w_5860,364
w_5863,330
w_5874,445
w_5889,188
w_6022,285
w_6037,234
w_6041,242
w_6097,179
w_6133,150
w_6134,218
w_6135,445
w_6138,269
w_6153,275
w_6179,153
w_6186,292
w_6225,320
w_6240,301
w_6251,445
w_6263,295
w_6286,213
w_6296,381
w_6311,387
w_6383,416
w_6387,107
w_6416,109
w_6417,6
w_6440,381
w_6456,309
w_6465,234
w_6481,109
w_6525,341
w_6531,2
w_6552,416
w_6593,285
w_6601,424
w_6632,11
w_6636,440
w_6675,120
w_6717,393
w_6784,330
w_6808,82
w_6815,33
w_6865,381
w_6879,224
w_6884,149
w_6908,109
w_6973,275
w_7040,179
w_7077,78
w_7094,253
w_7104,35
w_7112,426
w_7130,33
w_7141,82
w_7165,292
w_7182,53
w_7188,426
w_7196,73
w_7217,323
w_7259,36
w_7275,78
w_7299,292
w_7313,419
w_7317,426
w_7355,382
w_7356,439
w_7372,439
w_7409,241
w_7413,298
w_7430,278
w_7458,78
w_7489,315
w_7521,364
w_7530,117
w_7540,341
w_7549,179
w_7600,272
w_7689,110
w_7701,6
w_7704,419
w_7722,188
w_7777,376
w_7788,112
w_7885,393
w_7896,127
w_7909,109
w_7919,353
w_7989,72
w_8009,270
w_8023,320
w_8076,224
w_8182,301
w_8204,13
w_8213,6
w_8298,405
w_8306,387
w_8316,107
w_8333,292
w_8335,6
w_8363,109
w_8395,78
w_8408,129
w_8420,440
w_8439,241
w_8471,348
w_8487,272
w_8495,379
w_8502,419
w_8526,104
w_8537,143
w_8551,109
w_8562,419
w_8572,387
w_8606,109
w_8619,109
w_8622,179
w_8624,376
w_8683,24
w_8690,320
w_8691,234
w_8731,330
w_8733,285
w_8815,353
w_8819,292
w_8886,425
w_8898,278
w_8913,0
w_8938,72
w_8971,288
w_8983,426
w_9010,425
w_9016,320
w_9057,439
w_9070,96
w_9080,298
w_9118,73
w_9138,104
w_9186,0
w_9191,440
w_9211,59
w_9246,143
w_9248,285
w_9281,388
w_9299,91
w_9304,381
w_9320,234
w_9342,381
w_9379,129
w_9397,78
w_9398,73
w_9399,43
w_9403,24
w_9428,253
w_9450,109
w_9468,294
